fid,osm_id,name,highway,angle,xcoord,ycoord
1,"12109179",North Independence Mall East,secondary,9.690751635326446,-75.148482500000000,39.952590800000003
1,"12109179",North Independence Mall East,secondary,9.254043698688251,-75.148423077614538,39.952884762390731
2,"12111583",Boudine Street,service,12.101323990757097,-75.145378199999996,39.949277400000000
2,"12111583",Boudine Street,service,12.101323990757097,-75.145315307652751,39.949570733517795
2,"12111583",Boudine Street,service,12.101323990757097,-75.145252415305521,39.949864067035577
3,"12112672",South 4th Street,residential,198.047050230556948,-75.147264300000003,39.950325700000000
3,"12112672",South 4th Street,residential,192.213909716854403,-75.147335569195562,39.950034599839761
3,"12112672",South 4th Street,residential,192.220396626295241,-75.147399053058948,39.949741393770921
3,"12112672",South 4th Street,residential,186.312364762889842,-75.147458203360287,39.949447481623082
3,"12112672",South 4th Street,residential,192.278073346555885,-75.147513857770832,39.949153016566832
3,"12112672",South 4th Street,residential,191.706436728139522,-75.147577207049721,39.948859783368626
4,"12114293",Bingham Court,footway,278.265067581978371,-75.147386600000004,39.946280000000002
4,"12114293",Bingham Court,footway,277.054251734216848,-75.147683551211500,39.946322626738542
4,"12114293",Bingham Court,footway,193.219835860061579,-75.147802986604816,39.946103538976764
5,"12114967",Appletree Street,residential,97.149947066747274,-75.153030999999999,39.953651000000001
5,"12114967",Appletree Street,residential,97.149947066747274,-75.152733332856272,39.953613660054238
5,"12114967",Appletree Street,residential,97.149947066747274,-75.152435665712559,39.953576320108475
5,"12114967",Appletree Street,residential,97.145830064276311,-75.152137995929522,39.953539001400515
5,"12114967",Appletree Street,residential,97.145830064276311,-75.151840326103510,39.953501682843793
5,"12114967",Appletree Street,residential,97.145830064276311,-75.151542656277471,39.953464364287079
6,"12115279",Market Street,closed,277.602555203744203,-75.141601657408614,39.949868421095587
6,"12115279",Market Street,closed,277.602555203744203,-75.141899020300940,39.949908111274105
6,"12115279",Market Street,closed,276.825737575718392,-75.142196606349145,39.949946058252920
6,"12115279",Market Street,closed,271.375148981808366,-75.142495548819809,39.949970127646566
6,"12115279",Market Street,closed,269.788577420249510,-75.142795504440045,39.949971924706858
6,"12115279",Market Street,closed,268.223493916729467,-75.143095431319765,39.949966201838755
6,"12115279",Market Street,closed,268.223493916729467,-75.143395287126623,39.949956901564974
7,"12115833",Little Boys Court,service,191.385381185021657,-75.143948199999997,39.952025200000001
7,"12115833",Little Boys Court,service,192.489190399797337,-75.144011673087860,39.951732002226954
7,"12115833",Little Boys Court,service,192.489190399797337,-75.144076549713574,39.951439101179773
9,"12116719",Ionic Street,service,276.573449469545267,-75.152445999999998,39.948931999999999
9,"12116719",Ionic Street,service,276.573449469545267,-75.152744027776038,39.948966343044503
9,"12116719",Ionic Street,service,276.573449469545267,-75.153042055552092,39.949000686089008
9,"12116719",Ionic Street,service,276.573449469545267,-75.153340083328132,39.949035029133512
9,"12116719",Ionic Street,service,276.573449469545267,-75.153638111104172,39.949069372178016
9,"12116719",Ionic Street,service,276.573449469545267,-75.153936138880226,39.949103715222520
10,"12116728",Ionic Street,service,277.095753955099724,-75.142571000000004,39.947702399999997
10,"12116728",Ionic Street,service,277.115240739272963,-75.142868693794284,39.947739526844344
10,"12116728",Ionic Street,service,277.115240739272963,-75.143166383501679,39.947776686474469
10,"12116728",Ionic Street,service,277.115240739272963,-75.143464073209074,39.947813846104587
10,"12116728",Ionic Street,service,277.115240739272963,-75.143761762916469,39.947851005734705
10,"12116728",Ionic Street,service,277.115240739272963,-75.144059452623878,39.947888165364830
11,"12117020",Manning Street,residential,97.329117757310343,-75.154669699999999,39.946196100000002
11,"12117020",Manning Street,residential,97.329117757310343,-75.154372151077951,39.946157829397904
11,"12117020",Manning Street,residential,97.198004563392374,-75.154074559341964,39.946119894658096
11,"12117020",Manning Street,residential,97.198004563392374,-75.153776923622260,39.946082305053743
11,"12117020",Manning Street,residential,97.198004563392374,-75.153479287902556,39.946044715449403
11,"12117020",Manning Street,residential,97.221419700504569,-75.153181652909069,39.946007120104248
13,"12119917",Church Street,service,94.321212030782419,-75.143602900000005,39.950507399999999
13,"12119917",Church Street,service,96.980197361522940,-75.143304838528294,39.950473822596969
13,"12119917",Church Street,service,96.980197361522940,-75.143007062064399,39.950437364709643
13,"12119917",Church Street,service,93.510419607540129,-75.142709131042807,39.950402590374395
13,"12119917",Church Street,service,96.760007644691953,-75.142410670349108,39.950373356316277
13,"12119917",Church Street,service,96.760007644691953,-75.142112755975518,39.950338043060896
14,"12120461",Thomas Paine Place,residential,97.246779402366755,-75.146460399999995,39.946631199999999
14,"12120461",Thomas Paine Place,residential,97.246779402366755,-75.146162796387472,39.946593357037507
14,"12120461",Thomas Paine Place,residential,97.241117060426291,-75.145865190316499,39.946555533416202
14,"12120461",Thomas Paine Place,residential,97.241117060426291,-75.145567582965541,39.946517719865021
14,"12120461",Thomas Paine Place,residential,82.312187335494301,-75.145269977170926,39.946480305564741
15,"12120673",Florist Street,residential,297.363546922450098,-75.141932699999998,39.954022600000002
16,"12121842",South Washington Square,residential,277.727262351204956,-75.151443000000000,39.946103999999998
16,"12121842",South Washington Square,residential,277.002199559640758,-75.151740618876559,39.946141682977313
16,"12121842",South Washington Square,residential,276.998663751197228,-75.152038381944820,39.946178250108922
16,"12121842",South Washington Square,residential,276.998663751197228,-75.152336146642895,39.946214803967507
16,"12121842",South Washington Square,residential,276.993422321905882,-75.152633912123562,39.946251351448844
16,"12121842",South Washington Square,residential,276.993422321905882,-75.152931680164329,39.946287878067693
17,"12133404",Dock Street,residential,273.429353919590426,-75.144495000000006,39.946477000000002
17,"12133404",Dock Street,residential,273.398285755560664,-75.144794469889590,39.946494826386370
18,"12133443",South 2nd Street,tertiary,197.482375176702277,-75.143733100000006,39.949952900000000
19,"12133967",South Darien Street,residential,11.896188479379894,-75.155317571102557,39.947064515577807
20,"12134166",Saint James Place,footway,278.644316145138703,-75.145408500000002,39.945925199999998
20,"12134166",Saint James Place,footway,278.586128112725135,-75.145705128657198,39.945970048911882
20,"12134166",Saint James Place,footway,277.081766888986408,-75.146002109087988,39.945993341386199
20,"12134166",Saint James Place,footway,277.089577492023125,-75.146299819891397,39.946030331619653
21,"12134171",Saint James Place,residential,97.113124317383566,-75.151251500000001,39.947017099999997
21,"12134171",Saint James Place,residential,97.116063417517267,-75.150953810446509,39.946979939137421
21,"12134171",Saint James Place,residential,97.116063417517267,-75.150656121272704,39.946942775232941
22,"12134176",Saint James Place,service,277.938448918371250,-75.147465100000005,39.945940299999997
22,"12134176",Saint James Place,service,277.938448918371250,-75.147762225101999,39.945981732761958
22,"12134176",Saint James Place,service,278.723458727287607,-75.148058889305290,39.946026312964854
23,"12134539",Walnut Street,tertiary,278.313889308338787,-75.142805999999993,39.946641000000000
23,"12134539",Walnut Street,tertiary,278.313889308338787,-75.143102847229798,39.946684378821544
23,"12134539",Walnut Street,tertiary,278.054414447846966,-75.143399785670042,39.946727123443878
23,"12134539",Walnut Street,tertiary,277.709477692400867,-75.143697049367773,39.946767546235783
23,"12134539",Walnut Street,tertiary,277.732395209781430,-75.143994325460454,39.946807881357984
23,"12134539",Walnut Street,tertiary,277.732395209781430,-75.144291597645974,39.946848245298661
24,"12136534",Appletree Court,service,276.841323901957196,-75.141636199999994,39.952343399999997
24,"12136534",Appletree Court,service,276.841323901957196,-75.141934063955716,39.952379136030615
25,"12138624",Elbow Lane,service,277.000938896660216,-75.145076900000007,39.949240400000001
25,"12138624",Elbow Lane,service,277.000938896660216,-75.145374663246329,39.949276965682422
25,"12138624",Elbow Lane,service,276.994325258721631,-75.145672430661349,39.949313497402123
26,"12138795",Letitia Street,service,192.119179830622670,-75.142960200000005,39.949788900000001
26,"12138795",Letitia Street,service,192.136720912058962,-75.143023276862863,39.949495606116834
26,"12138795",Letitia Street,service,192.136720912058962,-75.143086350417434,39.949202311509467
26,"12138795",Letitia Street,service,192.129181874471072,-75.143149399605079,39.948909011663616
26,"12138795",Letitia Street,service,192.136023023065604,-75.143212437419677,39.948615709372739
26,"12138795",Letitia Street,service,192.156416980603723,-75.143275515689922,39.948322415780936
27,"12139484",Loxley Court,service,11.734021505113397,-75.145615000000006,39.952822800000000
27,"12139484",Loxley Court,service,11.734021505113397,-75.145553989387125,39.953116530667643
29,"12150945",Saint Josephs Way,footway,193.011861199993547,-75.147386600000004,39.946280000000002
29,"12150945",Saint Josephs Way,footway,193.011861199993547,-75.147454145828206,39.945987702957439
30,"12150950",Elfreths Alley,service,277.066581101894769,-75.141664500000005,39.952683399999998
30,"12150950",Elfreths Alley,service,277.066581101894769,-75.141962221158636,39.952720306797545
30,"12150950",Elfreths Alley,service,277.075266228882924,-75.142259937021677,39.952757256287178
30,"12150950",Elfreths Alley,service,277.075266228882924,-75.142557652582411,39.952794208214087
30,"12150950",Elfreths Alley,service,277.075266228882924,-75.142855368143131,39.952831160140995
31,"12152512",North Orianna Street,service,11.457330327829990,-75.145955999999998,39.953234700000003
31,"12152512",North Orianna Street,service,11.460575856878526,-75.145896394876644,39.953528719096710
31,"12152512",North Orianna Street,service,11.460575856878526,-75.145836786790767,39.953822737592894
31,"12152512",North Orianna Street,service,11.175224768698426,-75.145777441849987,39.954116808779929
32,"12152749",Black Horse Alley,pedestrian,277.457851157953769,-75.142294500000006,39.948987500000001
32,"12152749",Black Horse Alley,pedestrian,277.457851157953769,-75.142591962183872,39.949026439044310
32,"12152749",Black Horse Alley,pedestrian,277.457851157953769,-75.142889424367723,39.949065378088619
32,"12152749",Black Horse Alley,pedestrian,277.464872392207553,-75.143186885311209,39.949104326603830
32,"12152749",Black Horse Alley,pedestrian,277.464872392207553,-75.143484342721123,39.949143302099955
32,"12152749",Black Horse Alley,pedestrian,277.464872392207553,-75.143781800131009,39.949182277596073
33,"12153927",Filbert Street,service,277.795602020106173,-75.143495700000003,39.951006399999997
33,"12153927",Filbert Street,service,277.817162477266550,-75.143792916476471,39.951047172092530
33,"12153927",Filbert Street,service,277.817162477266550,-75.144090128619538,39.951087975793534
33,"12153927",Filbert Street,service,277.811542921853800,-75.144387346989319,39.951128734110782
34,"12153929",Filbert Street,residential,97.181951024306983,-75.153324900000001,39.952289100000002
34,"12153929",Filbert Street,residential,97.181951024306983,-75.153027253759859,39.952251593790812
36,"12158809",Sansom Walk,service,277.737533168592847,-75.142668799999996,39.947256000000003
36,"12158809",Sansom Walk,service,277.737533168592847,-75.142966068564732,39.947296390598190
36,"12158809",Sansom Walk,service,277.737533168592847,-75.143263337129454,39.947336781196377
36,"12158809",Sansom Walk,service,277.737533168592847,-75.143560605694191,39.947377171794557
36,"12158809",Sansom Walk,service,193.185088050845991,-75.143676219702087,39.947153635345792
37,"12159305",Willings Alley,service,277.599412057085942,-75.146528599999996,39.946321599999997
37,"12159305",Willings Alley,service,277.661586114250838,-75.146825933282685,39.946361511131080
37,"12159305",Willings Alley,service,277.649453939026898,-75.147123258004143,39.946401486237107
37,"12159305",Willings Alley,service,277.659037723342010,-75.147420585661152,39.946441439507005
37,"12159305",Willings Alley,service,277.652059467167021,-75.147717910831020,39.946481411285411
37,"12159305",Willings Alley,service,277.652059467167021,-75.148015239319548,39.946521358374305
38,"12159449",Ranstead Street,service,276.968986951730244,-75.152208400000006,39.950007399999997
38,"12159449",Ranstead Street,service,276.967110553555415,-75.152506184439588,39.950043792685058
38,"12159449",Ranstead Street,service,276.935544918977030,-75.152803974050599,39.950080142961113
38,"12159449",Ranstead Street,service,276.935544918977030,-75.153101778836870,39.950116368770622
38,"12159449",Ranstead Street,service,276.935544918977030,-75.153399583623141,39.950152594580139
38,"12159449",Ranstead Street,service,276.866429796887701,-75.153697389634189,39.950188810270085
39,"12159470",Ranstead Street,residential,277.066729718670160,-75.147461000000007,39.949422200000001
39,"12159470",Ranstead Street,residential,277.054982086527218,-75.147758725607289,39.949459070882327
39,"12159470",Ranstead Street,residential,277.054982086527218,-75.148056454231281,39.949495917408150
39,"12159470",Ranstead Street,residential,277.054982086527218,-75.148354182855257,39.949532763933966
39,"12159470",Ranstead Street,residential,277.054982086527218,-75.148651911479234,39.949569610459790
39,"12159470",Ranstead Street,residential,277.054982086527218,-75.148949640103211,39.949606456985606
40,"12160701",North 3rd Street,tertiary,13.447147808111804,-75.145693899999998,39.950195800000003
40,"12160701",North 3rd Street,tertiary,12.933718138102321,-75.145626032552286,39.950488020067723
40,"12160701",North 3rd Street,tertiary,12.933718138102321,-75.145558885437183,39.950780408961030
40,"12160701",North 3rd Street,tertiary,12.878799084405824,-75.145492014499482,39.951072861139174
40,"12160701",North 3rd Street,tertiary,12.966786417014619,-75.145425610177796,39.951365416809040
40,"12160701",North 3rd Street,tertiary,12.398518778482700,-75.145360424821476,39.951658246350810
40,"12160701",North 3rd Street,tertiary,12.398518778482700,-75.145296011798081,39.951951249699626
41,"12161748",5th Street,secondary,12.041328224356592,-75.148933799999995,39.950563000000002
41,"12161748",5th Street,secondary,9.481360512076281,-75.148877297174579,39.950857581948547
41,"12161748",5th Street,secondary,12.496217869673114,-75.148815506857801,39.951151107412883
42,"12164007",Dock Street,residential,105.279195929306667,-75.144495000000006,39.946477000000002
42,"12164007",Dock Street,residential,140.688857262984698,-75.144229264378311,39.946351002453497
42,"12164007",Dock Street,residential,148.613486164818283,-75.144050668364287,39.946110312927544
42,"12164007",Dock Street,residential,148.613486164818283,-75.143894425751171,39.945854210905203
42,"12164007",Dock Street,residential,178.134963481000909,-75.143818913310810,39.945570917472651
44,"12165780",West Washington Square,residential,12.387819414456700,-75.153491000000002,39.946514999999998
44,"12165780",West Washington Square,residential,11.949757220766626,-75.153427006044453,39.946808093939993
44,"12165780",West Washington Square,residential,12.292120000382567,-75.153363177502186,39.947101225002882
44,"12165780",West Washington Square,residential,12.292120000382567,-75.153299308699388,39.947394347461987
45,"12165845",Locust Street,residential,97.495857640769103,-75.149790199999998,39.946256599999998
45,"12165845",Locust Street,residential,97.461386923452139,-75.149492745021675,39.946217606018749
45,"12165845",Locust Street,residential,97.461386923452139,-75.149195285241333,39.946178648617902
45,"12165845",Locust Street,residential,97.476160754364699,-75.148897828715405,39.946139666392888
45,"12165845",Locust Street,residential,97.464442352196130,-75.148600374889057,39.946100663569275
45,"12165845",Locust Street,residential,97.464442352196130,-75.148302917186626,39.946061690305761
46,"12166287",Sansom Street,residential,276.949986618405603,-75.150929800000000,39.948471300000001
46,"12166287",Sansom Street,residential,276.945058613924743,-75.151227597795469,39.948507583231262
46,"12166287",Sansom Street,residential,276.945058613924743,-75.151525396562505,39.948543858489359
46,"12166287",Sansom Street,residential,276.945058613924743,-75.151823195329541,39.948580133747456
46,"12166287",Sansom Street,residential,276.945058613924743,-75.152120994096592,39.948616409005552
46,"12166287",Sansom Street,residential,276.945058613924743,-75.152418792863628,39.948652684263649
47,"12166488",Quarry Street,service,272.813254439858326,-75.141689999999997,39.953085700000003
47,"12166488",Quarry Street,service,277.044374911308637,-75.141988078431396,39.953118738979427
47,"12166488",Quarry Street,service,277.043004195826768,-75.142285814743119,39.953155523333088
47,"12166488",Quarry Street,service,277.052118096102561,-75.142583546175771,39.953192347152878
47,"12166488",Quarry Street,service,277.052118096102561,-75.142881276641191,39.953229178796377
48,"12166803",South 5th Street,tertiary,15.188815134482814,-75.149515899999997,39.947536999999997
48,"12166803",South 5th Street,tertiary,12.523040839133598,-75.149448453997707,39.947829271588063
48,"12166803",South 5th Street,tertiary,12.523040839133598,-75.149383404336916,39.948122134254902
48,"12166803",South 5th Street,tertiary,12.178598857961338,-75.149319294734852,39.948415203163485
48,"12166803",South 5th Street,tertiary,12.199008329752010,-75.149255911274878,39.948708430952259
48,"12166803",South 5th Street,tertiary,3.002610635004135,-75.149194679139413,39.949001942858175
49,"12167252",Philip Place,footway,12.156762421862503,-75.145550127485137,39.945551560035533
49,"12167252",Philip Place,footway,12.156762421862503,-75.145486951342818,39.945844832562450
50,"12167457",North Mascher Street,service,192.073431771603566,-75.142596299999994,39.951856599999999
50,"12167457",North Mascher Street,service,192.068320896988695,-75.142659050869526,39.951563236197757
50,"12167457",North Mascher Street,service,192.068320896988695,-75.142721774242531,39.951269866501846
51,"12167489",Trotters Alley,service,97.474251270425398,-75.144528300000005,39.949136500000002
51,"12167489",Trotters Alley,service,97.328695234433042,-75.144230758692927,39.949098171144072
52,"12169305",North Independence Mall East,secondary,12.103452083174007,-75.148347799999996,39.953328900000002
52,"12169305",North Independence Mall East,secondary,16.457114935339462,-75.148273205382154,39.953619305550546
52,"12169305",North Independence Mall East,secondary,12.964031859505521,-75.148193880373086,39.953908540284061
53,"12169818",South Leithgow Street,service,192.349403309521108,-75.148674999999997,39.946478200000001
53,"12169818",South Leithgow Street,service,192.349403309521108,-75.148739161829482,39.946185141542287
54,"12171743",South Bank Street,service,192.523316452269484,-75.144901300000001,39.950032100000001
54,"12171743",South Bank Street,service,192.523316452269484,-75.144966351069570,39.949739237646071
54,"12171743",South Bank Street,service,192.465413422817733,-75.145031368457452,39.949446367828571
55,"12173638",South Strawberry Street,service,192.642715671252461,-75.144342800000004,39.949962700000000
55,"12173638",South Strawberry Street,service,192.655711380181913,-75.144408507093871,39.949669984136357
55,"12173638",South Strawberry Street,service,192.655771481860512,-75.144474234752238,39.949377272887986
55,"12173638",South Strawberry Street,service,192.611885142988370,-75.144539995500566,39.949084569089294
55,"12173638",South Strawberry Street,service,192.664302961234142,-75.144605713435411,39.948791855678287
55,"12173638",South Strawberry Street,service,192.694733989464282,-75.144671448753556,39.948499146187501
56,"12174717",Saint James Street,service,96.806996235501657,-75.153627000000000,39.947436799999998
56,"12174717",Saint James Street,service,96.806996235501657,-75.153329114687182,39.947401242435255
58,"12180236",South Front Street,tertiary,193.191610279404813,-75.142146999999994,39.949674000000002
58,"12180236",South Front Street,tertiary,191.975027734279962,-75.142211052667733,39.949380931936481
58,"12180236",South Front Street,tertiary,191.975027734279962,-75.142273298271874,39.949087460498752
58,"12180236",South Front Street,tertiary,192.031053099181150,-75.142334510001177,39.948793776939581
58,"12180236",South Front Street,tertiary,192.019002455274006,-75.142397078403846,39.948500374163778
58,"12180236",South Front Street,tertiary,192.156041424992196,-75.142459660346745,39.948206974390139
59,"12181043",Arch Street,tertiary,277.125016348901795,-75.141665000000003,39.951740399999998
59,"12181043",Arch Street,tertiary,277.113790687581456,-75.141962689218602,39.951777563538265
59,"12181043",Arch Street,tertiary,277.119004515744905,-75.142260377334253,39.951814735916003
59,"12181043",Arch Street,tertiary,277.103263965361521,-75.142558074401009,39.951851836538559
59,"12181043",Arch Street,tertiary,277.110703139452710,-75.142855767669161,39.951888967629614
59,"12181043",Arch Street,tertiary,277.110703139452710,-75.143153460318516,39.951926103683768
60,"12181301",Cherry Street,residential,277.069483742827913,-75.145046500000007,39.953122100000002
60,"12181301",Cherry Street,residential,277.080420766298460,-75.145344213438705,39.953159069013395
60,"12181301",Cherry Street,residential,277.031742260597753,-75.145641936382660,39.953195961208053
60,"12181301",Cherry Street,residential,277.031742260597753,-75.145939679927523,39.953232686968704
60,"12181301",Cherry Street,residential,277.077633148184248,-75.146237357405482,39.953269939914357
60,"12181301",Cherry Street,residential,277.068231647356811,-75.146535072161626,39.953306898319553
61,"12181427",Cherry Street,residential,277.272061353781112,-75.152941999999996,39.954068999999997
61,"12181427",Cherry Street,residential,277.263480754535010,-75.153239591012309,39.954106941915960
61,"12181427",Cherry Street,residential,277.253194611762126,-75.153537184616653,39.954144863496666
61,"12181427",Cherry Street,residential,277.271697183214314,-75.153834772369379,39.954182830969167
61,"12181427",Cherry Street,residential,277.259724045652490,-75.154132364319935,39.954220765518464
61,"12181427",Cherry Street,residential,277.244985165161495,-75.154429965279490,39.954258629319810
62,"12181442",Cherry Street,service,277.930714415206467,-75.144076999999996,39.952914800000002
62,"12181442",Cherry Street,service,277.930714415206467,-75.144374130692398,39.952956192651911
62,"12181442",Cherry Street,service,277.931491511839226,-75.144671260900779,39.952997588778111
62,"12181442",Cherry Street,service,277.182340776276476,-75.144968404557929,39.953038883501200
63,"12186817",Cuthbert Street,service,82.268701731767678,-75.143437399999996,39.951293499999998
63,"12186817",Cuthbert Street,service,97.253361246949865,-75.143139863395078,39.951271547454219
63,"12186817",Cuthbert Street,service,97.253361246949865,-75.142842264131716,39.951233670304802
63,"12186817",Cuthbert Street,service,97.224409784935162,-75.142544652812234,39.951195888071219
63,"12186817",Cuthbert Street,service,97.224409784935162,-75.142247034447621,39.951158161303042
63,"12186817",Cuthbert Street,service,97.224409784935162,-75.141949416082994,39.951120434534872
65,"12189165",North 5th Street,secondary,36.069409900248729,-75.148347799999996,39.953328900000002
65,"12189165",North 5th Street,secondary,33.381010287940704,-75.148176169695233,39.953574856140989
65,"12189165",North 5th Street,secondary,12.177663303691157,-75.148039845988094,39.953839390465909
65,"12189165",North 5th Street,secondary,12.177663303691157,-75.147976562867328,39.954132639927344
66,"12197696",North Independence Mall West,secondary,195.614996491694683,-75.149935299999996,39.952770399999999
66,"12197696",North Independence Mall West,secondary,192.158414313146835,-75.150003227044579,39.952478301763875
66,"12197696",North Independence Mall West,secondary,192.535765785091058,-75.150066717468491,39.952185098002779
66,"12197696",North Independence Mall West,secondary,192.535765785091058,-75.150131832170203,39.951892249790170
67,"12198529",South Hancock Street,service,192.865039094268525,-75.143686700000003,39.947108900000003
67,"12198529",South Hancock Street,service,194.381394591502328,-75.143758740580978,39.946817701734197
68,"12199527",Saint James Court,residential,97.125016348504133,-75.150483300000005,39.946921199999998
68,"12199527",Saint James Court,residential,97.117845412848041,-75.150185615922652,39.946883995297235
68,"12199527",Saint James Court,residential,97.117845412848041,-75.149887927904842,39.946846822134141
69,"12201639",North Bread Street,service,12.919310226096298,-75.144270500000005,39.952065400000002
69,"12201639",North Bread Street,service,12.826095559312698,-75.144203793682465,39.952357889701112
69,"12201639",North Bread Street,service,12.826095559312698,-75.144137195899532,39.952650404205563
69,"12201639",North Bread Street,service,13.176117121691568,-75.144070426459137,39.952942879076261
69,"12201639",North Bread Street,service,13.176117121691568,-75.144002042950532,39.953234981277127
70,"12201968",Ludlow Street,service,277.004939465181792,-75.153057500000003,39.950461699999998
70,"12201968",Ludlow Street,service,277.004939465181792,-75.153355260692479,39.950498286473085
70,"12201968",Ludlow Street,service,277.058854975909810,-75.153653021127141,39.950534875036382
71,"12202026",Ludlow Street,residential,96.673227552933767,-75.149038300000001,39.950075800000000
71,"12202026",Ludlow Street,residential,96.845911993203487,-75.148740387010534,39.950040477960904
71,"12202026",Ludlow Street,residential,96.845911993203487,-75.148442525917403,39.950004718078262
71,"12202026",Ludlow Street,residential,96.845911993203487,-75.148144664824287,39.949968958195619
71,"12202026",Ludlow Street,residential,96.845911993203487,-75.147846803731170,39.949933198312976
71,"12202026",Ludlow Street,residential,96.845911993203487,-75.147548942638053,39.949897438430334
72,"12203661",North Front Street,tertiary,154.832129876600732,-75.141732899999994,39.953602799999999
72,"12203661",North Front Street,tertiary,176.444162020924409,-75.141703672029905,39.953305716673079
72,"12203661",North Front Street,tertiary,176.373128532736445,-75.141684967214189,39.953006300402791
72,"12203661",North Front Street,tertiary,176.373128532736445,-75.141665989639378,39.952706901251730
72,"12203661",North Front Street,tertiary,175.241936846446208,-75.141641568769003,39.952407901111826
72,"12203661",North Front Street,tertiary,183.289683959881188,-75.141638747651115,39.952108256362237
72,"12203661",North Front Street,tertiary,185.904383196785034,-75.141657915122977,39.951808907680494
73,"12203877",Race Street,secondary,96.741697295429447,-75.146406999999996,39.954210199999999
73,"12203877",Race Street,secondary,97.111404842820576,-75.146109258753242,39.954173464076774
73,"12203877",Race Street,secondary,97.111404842820576,-75.145811566558720,39.954136324376776
73,"12203877",Race Street,secondary,97.109850711150145,-75.145513873482315,39.954099191746181
73,"12203877",Race Street,secondary,97.114315358570465,-75.145216182544061,39.954062041979135
73,"12203877",Race Street,secondary,97.125016347410551,-75.144918492313707,39.954024886539209
74,"12203883",Race Street,tertiary,181.090417584377832,-75.142214999999993,39.953783399999999
74,"12203883",Race Street,tertiary,97.010585146212605,-75.142019309054433,39.953658289530054
75,"12204422",South Randolph Street,residential,191.327668054593772,-75.150483300000005,39.946921199999998
75,"12204422",South Randolph Street,residential,191.327668054593772,-75.150542225897667,39.946627044023373
76,"12204626",Saint James Court,footway,190.657946055906933,-75.150231300000002,39.946889700000000
77,"12206460",Manning Walk,service,276.567330705481766,-75.151345882890396,39.945645104064248
78,"12206496",North American Street,service,12.326349967784889,-75.144419900000003,39.951133200000001
79,"12206500",Church Street,service,278.371917099413338,-75.144235499999994,39.950591199999998
79,"12206500",Church Street,service,278.312026346113498,-75.144532315101273,39.950634797896768
79,"12206500",Church Street,service,278.312026346113498,-75.144829163741363,39.950678167066357
79,"12206500",Church Street,service,278.322369349227074,-75.145126010821500,39.950721546906742
79,"12206500",Church Street,service,278.322369349227074,-75.145422851627785,39.950764969662579
80,"25428990",South 6th Street,residential,191.651899968421986,-75.151098800000000,39.947721299999998
80,"25428990",South 6th Street,residential,192.789942299688533,-75.151163809896261,39.947428439590723
81,"30908137",Delaware Expressway,motorway,176.305667505568550,-75.141598750147310,39.954049118810403
81,"30908137",Delaware Expressway,motorway,175.586294680839359,-75.141577363651933,39.953749887958431
82,"30908138",Delaware Expressway,motorway,175.238462007864229,-75.141565200000002,39.953592299999997
82,"30908138",Delaware Expressway,motorway,189.856863658121682,-75.141589230413132,39.950906811023565
82,"30908138",Delaware Expressway,motorway,189.856863658121682,-75.141640586630487,39.950611239477333
82,"30908138",Delaware Expressway,motorway,189.856863658121682,-75.141691942847856,39.950315667931115
82,"30908138",Delaware Expressway,motorway,189.856863658121682,-75.141743299065212,39.950020096384890
82,"30908138",Delaware Expressway,motorway,189.856863658121682,-75.141794655282567,39.949724524838658
82,"30908138",Delaware Expressway,motorway,189.856863658121682,-75.141846011499922,39.949428953292433
82,"30908138",Delaware Expressway,motorway,189.856863658121682,-75.141897367717277,39.949133381746208
82,"30908138",Delaware Expressway,motorway,189.856863658121682,-75.141948723934647,39.948837810199983
82,"30908138",Delaware Expressway,motorway,187.270707963573955,-75.141995157948045,39.948541497422362
83,"31372798",Locust Street,pedestrian,277.500009209963650,-75.149790199999998,39.946256599999998
83,"31372798",Locust Street,pedestrian,277.462119900012510,-75.150087653081385,39.946295608424592
83,"31372798",Locust Street,pedestrian,277.462119900012510,-75.150385112363324,39.946334569630800
84,"31372801",Locust Street,pedestrian,276.933605770779707,-75.150595300000006,39.946362100000002
84,"31372801",Locust Street,pedestrian,276.933605770779707,-75.150893106012148,39.946398315730434
84,"31372801",Locust Street,pedestrian,276.933605770779707,-75.151190912024290,39.946434531460866
85,"32121470",Saint Josephs Way,footway,191.904121349381228,-75.147465100000005,39.945940299999997
85,"32121470",Saint Josephs Way,footway,191.898814831629636,-75.147526974206997,39.945646750034321
86,"32121472",Bingham Court,footway,98.576802192854544,-75.147386600000004,39.946280000000002
86,"32121472",Bingham Court,footway,98.576802192854544,-75.147089954946921,39.946235259498387
86,"32121472",Bingham Court,footway,98.576802192854544,-75.146793309893852,39.946190518996779
87,"32121475",Philip Place,footway,12.546226812764395,-75.145408500000002,39.945925199999998
88,"32121486",Dock Street,residential,150.275428251818425,-75.145327600000002,39.946996200000001
88,"32121486",Dock Street,residential,150.275428251818425,-75.145178850657302,39.946735674314041
89,"32121488",Sansom Walk,pedestrian,277.860130663773930,-75.143621899999999,39.947385500000003
89,"32121488",Sansom Walk,pedestrian,277.860130663773930,-75.143919081459316,39.947426526579690
89,"32121488",Sansom Walk,pedestrian,277.860130663773930,-75.144216262918619,39.947467553159385
90,"32121493",Dock Street,pedestrian,159.780398510174194,-75.146185599999995,39.947878500000002
91,"32121512",Saint James Walk,footway,189.418282418491373,-75.148896100000002,39.947459100000003
91,"32121512",Saint James Walk,footway,191.808469202068920,-75.148954861460766,39.947164955885533
91,"32121512",Saint James Walk,footway,191.353736575664811,-75.149014814272562,39.946871010107934
91,"32121512",Saint James Walk,footway,153.674370486301314,-75.148958306778809,39.946599100734467
91,"32121512",Saint James Walk,footway,192.147309664214674,-75.148959348250287,39.946313539115906
92,"32455258",Delaware Expressway,motorway,11.808362605237511,-75.142345829071957,39.945499842362551
92,"32455258",Delaware Expressway,motorway,11.808362605237511,-75.142284437395887,39.945793493621885
92,"32455258",Delaware Expressway,motorway,11.808362605237511,-75.142223045719803,39.946087144881218
92,"32455258",Delaware Expressway,motorway,11.808362605237511,-75.142161654043733,39.946380796140552
92,"32455258",Delaware Expressway,motorway,11.808362605237511,-75.142100262367663,39.946674447399886
92,"32455258",Delaware Expressway,motorway,11.808362605237511,-75.142038870691579,39.946968098659227
95,"49960912",Delaware Expressway,motorway,12.476795975231459,-75.142000800000005,39.947150200000003
95,"49960912",Delaware Expressway,motorway,12.476795975231459,-75.141935986737195,39.947443115074663
95,"49960912",Delaware Expressway,motorway,12.476795975231459,-75.141871173474385,39.947736030149329
95,"49960912",Delaware Expressway,motorway,12.476795975231459,-75.141806360211561,39.948028945223989
96,"49960916",Delaware Expressway,motorway,191.976765213649799,-75.142249500000005,39.947179700000000
96,"49960916",Delaware Expressway,motorway,191.976765213649799,-75.142311754503567,39.946886230449984
96,"49960916",Delaware Expressway,motorway,191.976765213649799,-75.142374009007114,39.946592760899968
96,"49960916",Delaware Expressway,motorway,191.976765213649799,-75.142436263510689,39.946299291349952
96,"49960916",Delaware Expressway,motorway,191.976765213649799,-75.142498518014250,39.946005821799936
96,"49960916",Delaware Expressway,motorway,191.976765213649799,-75.142560772517811,39.945712352249920
97,"49960917",Delaware Expressway,motorway,191.318705705777205,-75.142048399999993,39.948184400000002
97,"49960917",Delaware Expressway,motorway,191.318705705777205,-75.142107279884343,39.947890234809641
97,"49960917",Delaware Expressway,motorway,191.318705705777205,-75.142166159768649,39.947596069619273
97,"49960917",Delaware Expressway,motorway,191.318705705777205,-75.142225039652999,39.947301904428912
98,"50192961",North 6th Street,secondary,187.873938128115725,-75.149527663730737,39.954623146870127
98,"50192961",North 6th Street,secondary,192.529526372112485,-75.149585430463375,39.954328974969826
98,"50192961",North 6th Street,secondary,192.529526372112485,-75.149650513274025,39.954036119668089
98,"50192961",North 6th Street,secondary,192.529526372112485,-75.149715596084675,39.953743264366345
98,"50192961",North 6th Street,secondary,192.529526372112485,-75.149780678895311,39.953450409064601
98,"50192961",North 6th Street,secondary,192.529526372112485,-75.149845761705961,39.953157553762857
98,"50192961",North 6th Street,secondary,192.529526372112485,-75.149910844516612,39.952864698461120
99,"61293628",Market Street,primary,97.110214516591157,-75.149717499999994,39.950660200000002
99,"61293628",Market Street,primary,97.110214516591157,-75.149419807033951,39.950623066484589
99,"61293628",Market Street,primary,97.110214516591157,-75.149122114067907,39.950585932969190
100,"61293665",Market Street,primary,107.576409366722757,-75.148933799999995,39.950563000000002
100,"61293665",Market Street,primary,96.605766848714239,-75.148643318711365,39.950491834561255
100,"61293665",Market Street,primary,96.398144301504729,-75.148345234103601,39.950457992457082
100,"61293665",Market Street,primary,97.081940958208619,-75.148047285298205,39.950423001201443
100,"61293665",Market Street,primary,97.081940958208619,-75.147749574044255,39.950386014592112
100,"61293665",Market Street,primary,97.081940958208619,-75.147451862790305,39.950349027982782
100,"61293665",Market Street,primary,97.083809385917689,-75.147154153816246,39.950312023047992
100,"61293665",Market Street,primary,97.083809385917689,-75.146856443768598,39.950275026730267
100,"61293665",Market Street,primary,97.083809385917689,-75.146558733720937,39.950238030412521
100,"61293665",Market Street,primary,97.080096107804806,-75.146261021952029,39.950201047949456
100,"61293665",Market Street,primary,97.080096107804806,-75.145963309507309,39.950164070926064
100,"61293665",Market Street,primary,97.098201900826766,-75.145665598421687,39.950127082978369
100,"61293665",Market Street,primary,97.087589099913146,-75.145367892237317,39.950090055592810
100,"61293665",Market Street,primary,97.076758574255564,-75.145070181389571,39.950053065724802
100,"61293665",Market Street,primary,97.083345780202364,-75.144772468631061,39.950016091231866
100,"61293665",Market Street,primary,97.083345780202364,-75.144474758284062,39.949979097323030
100,"61293665",Market Street,primary,97.091219349065625,-75.144177050769031,39.949942080636795
100,"61293665",Market Street,primary,97.091219349065625,-75.143879345508509,39.949905045817047
101,"61293761",Market Street,primary,275.248660578366753,-75.143733100000006,39.949952900000000
101,"61293761",Market Street,primary,277.106354579667709,-75.144030980276668,39.949988356053311
101,"61293761",Market Street,primary,277.110659854763981,-75.144328674257707,39.950025481428987
101,"61293761",Market Street,primary,277.110659854763981,-75.144626366935142,39.950062617258247
101,"61293761",Market Street,primary,277.110659854763981,-75.144924059612535,39.950099753087493
101,"61293761",Market Street,primary,277.110659854763981,-75.145221752289956,39.950136888916759
101,"61293761",Market Street,primary,277.110659854763981,-75.145519444967363,39.950174024746019
101,"61293761",Market Street,primary,277.115824840198229,-75.145817140792246,39.950211135244444
101,"61293761",Market Street,primary,277.115824840198229,-75.146114830120794,39.950248297909361
101,"61293761",Market Street,primary,277.115824840198229,-75.146412519449356,39.950285460574271
101,"61293761",Market Street,primary,277.110892160381354,-75.146710211439213,39.950322601913449
101,"61293761",Market Street,primary,277.110892160381354,-75.147007903966070,39.950359738949707
101,"61293761",Market Street,primary,277.142456216933965,-75.147305598896722,39.950396856498188
101,"61293761",Market Street,primary,277.106420196808813,-75.147603289651386,39.950434007660910
101,"61293761",Market Street,primary,277.106420196808813,-75.147900985075893,39.950471121462002
102,"61756380",North 5th Street,secondary,12.040436125398363,-75.147933800000004,39.954330800000001
106,"62154356",Arch Street,secondary,276.812299250031231,-75.148482500000000,39.952590800000003
106,"62154356",Arch Street,secondary,277.072333748977599,-75.148780274797289,39.952627265726719
106,"62154356",Arch Street,secondary,277.072333748977599,-75.149077992248877,39.952664202416067
106,"62154356",Arch Street,secondary,277.072333748977599,-75.149375709700465,39.952701139105415
106,"62154356",Arch Street,secondary,277.072333748977599,-75.149673427152052,39.952738075794770
107,"62154497",North Independence Mall East,secondary,54.691313999622800,-75.148159800000002,39.953599699999998
107,"62154497",North Independence Mall East,secondary,12.256534736591348,-75.147965354329230,39.953812748406570
107,"62154497",North Independence Mall East,secondary,12.256534736591348,-75.147901667591270,39.954105910476770
108,"62154616",Market Street,closed,268.560293161570655,-75.143443700000006,39.949955400000000
109,"62154617",North Front Street,tertiary,15.047240519362221,-75.142115899999993,39.949792799999997
109,"62154617",North Front Street,tertiary,14.800141928922679,-75.142038963413185,39.950082766322275
109,"62154617",North Front Street,tertiary,14.079428195510864,-75.141963009500515,39.950372988384039
109,"62154617",North Front Street,tertiary,14.079428195510864,-75.141890029470204,39.950663976210549
109,"62154617",North Front Street,tertiary,14.079428195510864,-75.141817049439894,39.950954964037059
109,"62154617",North Front Street,tertiary,12.084152638824387,-75.141749059870762,39.951247114021271
109,"62154617",North Front Street,tertiary,9.749436743312575,-75.141692548559789,39.951541719382014
110,"62154618",South Front Street,tertiary,192.342177171988965,-75.142465599999994,39.948179400000001
110,"62154618",South Front Street,tertiary,192.475568219963918,-75.142530278274350,39.947886455216555
110,"62154618",South Front Street,tertiary,192.357459405437368,-75.142594860804209,39.947593489335389
110,"62154618",South Front Street,tertiary,192.357459405437368,-75.142659063838650,39.947300439902072
110,"62154618",South Front Street,tertiary,192.535323776470420,-75.142724827490909,39.947007738676149
110,"62154618",South Front Street,tertiary,192.326042904036854,-75.142789857757435,39.946714873668981
111,"62154677",South Front Street,residential,192.180916079888789,-75.142805999999993,39.946641000000000
111,"62154677",South Front Street,residential,192.917812848491423,-75.142870150569081,39.946347943518795
111,"62154677",South Front Street,residential,192.093505749497098,-75.142933621710142,39.946054738675237
111,"62154677",South Front Street,residential,192.093505749497098,-75.142996474030241,39.945761396578270
113,"62205040",Underground Concourse,corridor,191.889791606717353,-75.153509600000007,39.952094000000002
113,"62205040",Underground Concourse,corridor,191.889791606717353,-75.153571408952345,39.951800436287307
113,"62205040",Underground Concourse,corridor,191.889791606717353,-75.153633217904670,39.951506872574605
113,"62205040",Underground Concourse,corridor,191.476025988842707,-75.153694184975578,39.951213134778541
113,"62205040",Underground Concourse,corridor,191.874857647098281,-75.153754423029213,39.950919246162194
113,"62205040",Underground Concourse,corridor,191.874857647098281,-75.153816155463019,39.950625666349161
113,"62205040",Underground Concourse,corridor,191.874857647098281,-75.153877887896826,39.950332086536136
115,"65068691",South 5th Street,tertiary,358.064166311392341,-75.149192299999996,39.949047299999997
115,"65068691",South 5th Street,tertiary,7.849323901057772,-75.149188301575322,39.949346845289497
115,"65068691",South 5th Street,tertiary,12.104392213494309,-75.149131478665609,39.949641322860849
115,"65068691",South 5th Street,tertiary,12.104392213494309,-75.149068570610282,39.949934653010295
115,"65068691",South 5th Street,tertiary,12.305364045918290,-75.149005128956105,39.950227867744026
115,"65068691",South 5th Street,tertiary,11.437539790574908,-75.148942257018831,39.950521199228497
116,"104524034",Chestnut Street,tertiary,97.546829160413083,-75.153921800000006,39.949625500000003
116,"104524034",Chestnut Street,tertiary,96.726425515543170,-75.153624400203711,39.949586128578069
116,"104524034",Chestnut Street,tertiary,96.726425515543170,-75.153326465183525,39.949550989941926
116,"104524034",Chestnut Street,tertiary,96.726425515543170,-75.153028530163354,39.949515851305776
116,"104524034",Chestnut Street,tertiary,97.112264116321839,-75.152730689253843,39.949479937176335
116,"104524034",Chestnut Street,tertiary,97.826183866976095,-75.152433039570397,39.949442473010912
116,"104524034",Chestnut Street,tertiary,96.789786844545290,-75.152135324211699,39.949405627530439
116,"104524034",Chestnut Street,tertiary,96.789786844545290,-75.151837428232227,39.949370159440299
116,"104524034",Chestnut Street,tertiary,96.789786844545290,-75.151539532252770,39.949334691350145
117,"124145103",South 6th Street,tertiary,199.655456789174963,-75.150654799999998,39.949520300000003
117,"124145103",South 6th Street,tertiary,205.187835097031268,-75.150761414453839,39.949240134454790
118,"167194800",South 7th Street,residential,12.585779171296119,-75.152671400000003,39.947913200000002
118,"167194800",South 7th Street,residential,12.585779171296119,-75.152606029696443,39.948205991262533
118,"167194800",South 7th Street,residential,12.585779171296119,-75.152540659392884,39.948498782525057
119,"180987236",Filbert Street,residential,277.074033909282662,-75.153350399999994,39.952171100000001
119,"180987236",Filbert Street,residential,277.233066365502907,-75.153647927277262,39.952209526450893
119,"180987236",Filbert Street,residential,277.233066365502907,-75.153945539938519,39.952247298184560
119,"180987236",Filbert Street,residential,277.233066365502907,-75.154243152599761,39.952285069918219
119,"180987236",Filbert Street,residential,277.233066365502907,-75.154540765261018,39.952322841651878
120,"193800302",South Washington Square,residential,277.565882831396948,-75.153024000000002,39.946299000000003
120,"193800302",South Washington Square,residential,277.534956047631965,-75.153321403910681,39.946338381579800
121,"194837495",Cuthbert Street,service,97.035868677591878,-75.144364199999998,39.951388100000003
121,"194837495",Cuthbert Street,service,96.992884488637088,-75.144066456447803,39.951351374358971
121,"194837495",Cuthbert Street,service,96.992884488637088,-75.143768688064156,39.951314850535248
121,"194837495",Cuthbert Street,service,82.616688534517891,-75.143470954871233,39.951289151921131
122,"194837497",Quarry Street,service,276.842773412963652,-75.143973700000004,39.953374099999998
122,"194837497",Quarry Street,service,276.842773412963652,-75.144271563051547,39.953409843566185
122,"194837497",Quarry Street,service,276.860708117327988,-75.144569421844508,39.953445622573703
122,"194837497",Quarry Street,service,276.549724341891817,-75.144867278782741,39.953481416082461
123,"194859615",North Independence Mall East,service,11.802434207886904,-75.147842699999998,39.954386800000002
124,"195656308",West Washington Square,residential,12.503353426902866,-75.153261400000005,39.947568099999998
124,"195656308",West Washington Square,residential,12.503353426902866,-75.153196450973638,39.947860985001277
125,"195815835",Arch Street,tertiary,277.108423303224299,-75.143299299999995,39.951944300000001
125,"195815835",Arch Street,tertiary,277.106257500412710,-75.143596995129258,39.951981416168799
125,"195815835",Arch Street,tertiary,277.106257500412710,-75.143894690659153,39.952018529124558
125,"195815835",Arch Street,tertiary,277.109700132311048,-75.144192384359471,39.952055656752250
125,"195815835",Arch Street,tertiary,277.112445972002547,-75.144490076346102,39.952092798118059
125,"195815835",Arch Street,tertiary,277.121478043705679,-75.144787764309783,39.952129971707549
125,"195815835",Arch Street,tertiary,277.110695472478028,-75.145085456526260,39.952167111228981
126,"195815848",North 2nd Street,tertiary,193.485543138610581,-75.143299299999995,39.951944300000001
126,"195815848",North 2nd Street,tertiary,191.815834051624478,-75.143362595455798,39.951651075467801
126,"195815848",North 2nd Street,tertiary,191.815834051624478,-75.143424025423869,39.951357432216518
126,"195815848",North 2nd Street,tertiary,191.665058215844908,-75.143484850733671,39.951063663301319
126,"195815848",North 2nd Street,tertiary,192.124551256313509,-75.143546468342365,39.950770080943670
126,"195815848",North 2nd Street,tertiary,192.955319281537697,-75.143609922973553,39.950476871563971
126,"195815848",North 2nd Street,tertiary,192.955319281537697,-75.143677180317724,39.950184508006643
127,"196207111",Chestnut Street,tertiary,96.986285915112745,-75.147579399999998,39.948849199999998
127,"196207111",Chestnut Street,tertiary,97.939568496302911,-75.147282131798036,39.948808860026787
127,"196207111",Chestnut Street,tertiary,97.939568496302911,-75.146985007505705,39.948767421458911
127,"196207111",Chestnut Street,tertiary,97.784067512401123,-75.146687669746413,39.948727727863229
127,"196207111",Chestnut Street,tertiary,97.784067512401123,-75.146390434084054,39.948687095843546
127,"196207111",Chestnut Street,tertiary,97.784067512401123,-75.146093198421710,39.948646463823863
127,"196207111",Chestnut Street,tertiary,97.416327300591433,-75.145795703683888,39.948607774797907
127,"196207111",Chestnut Street,tertiary,97.416327300591433,-75.145498213357925,39.948569051342986
127,"196207111",Chestnut Street,tertiary,97.369102596996228,-75.145200205938607,39.948534858776689
127,"196207111",Chestnut Street,tertiary,97.369102596996228,-75.144902683796801,39.948496380534323
127,"196207111",Chestnut Street,tertiary,97.322163568046022,-75.144605153898738,39.948457962458811
127,"196207111",Chestnut Street,tertiary,97.322163568046022,-75.144307600333818,39.948419727971554
128,"196207116",South 4th Street,residential,191.389753791217288,-75.147921999999994,39.947344200000003
128,"196207116",South 4th Street,residential,192.488185935173988,-75.147985551309347,39.947051018671701
128,"196207116",South 4th Street,residential,192.488185935173988,-75.148050422800139,39.946758116487210
128,"196207116",South 4th Street,residential,192.625385516341595,-75.148115526991120,39.946465266295405
128,"196207116",South 4th Street,residential,192.625385516341595,-75.148181099674261,39.946172520290773
128,"196207116",South 4th Street,residential,192.182681014146596,-75.148245361370897,39.945879485950321
129,"196207117",South 4th Street,residential,191.527786099280377,-75.147579399999998,39.948849199999998
129,"196207117",South 4th Street,residential,192.903239107923156,-75.147644766954429,39.948556423083573
129,"196207117",South 4th Street,residential,192.547507376446362,-75.147711746085633,39.948263995703869
129,"196207117",South 4th Street,residential,192.837415417436802,-75.147777591552654,39.947971311909427
130,"196207119",Walnut Street,tertiary,275.736495384413104,-75.147921999999994,39.947344200000003
130,"196207119",Walnut Street,tertiary,276.824932835793618,-75.148220057134779,39.947378188383531
130,"196207119",Walnut Street,tertiary,276.824932835793618,-75.148517931301612,39.947413839200344
130,"196207119",Walnut Street,tertiary,276.824932835793618,-75.148815805468431,39.947449490017149
130,"196207119",Walnut Street,tertiary,277.216613144238181,-75.149113496534611,39.947486627612435
130,"196207119",Walnut Street,tertiary,277.216613144238181,-75.149411120030237,39.947524313881232
131,"196355313",Locust Street,residential,98.638738906265942,-75.154502199999996,39.946966699999997
131,"196355313",Locust Street,residential,97.729073318323756,-75.154205127097057,39.946924951343249
131,"196355313",Locust Street,residential,97.688079025449184,-75.153907839230811,39.946884703198918
131,"196355313",Locust Street,residential,97.707911430477708,-75.153610549129709,39.946844471429372
132,"196355321",South 3rd Street,tertiary,12.433411610180565,-75.146694305844505,39.945570027180167
132,"196355321",South 3rd Street,tertiary,12.433411610180565,-75.146629714395559,39.945862991247459
132,"196355321",South 3rd Street,tertiary,12.427994123244265,-75.146565131471149,39.946155957193774
132,"196355321",South 3rd Street,tertiary,12.422951387514551,-75.146500552526334,39.946448924015336
132,"196355321",South 3rd Street,tertiary,12.418744600595602,-75.146436022691447,39.946741901660033
132,"196355321",South 3rd Street,tertiary,12.418744600595602,-75.146371506239774,39.947034882252339
132,"196355321",South 3rd Street,tertiary,12.421790897488444,-75.146306893609889,39.947327835931262
132,"196355321",South 3rd Street,tertiary,12.422188146148144,-75.146242360802447,39.947620812921421
132,"196355321",South 3rd Street,tertiary,12.430294633122889,-75.146177821749532,39.947913788535523
132,"196355321",South 3rd Street,tertiary,12.430294633122889,-75.146113246238372,39.948206756116249
132,"196355321",South 3rd Street,tertiary,12.430294633122889,-75.146048670727197,39.948499723696976
132,"196355321",South 3rd Street,tertiary,11.977172162289145,-75.146001429219055,39.948794168460005
132,"196355321",South 3rd Street,tertiary,11.977172162289145,-75.145939172631103,39.949087637567843
132,"196355321",South 3rd Street,tertiary,12.322359872664473,-75.145876686611402,39.949381057281308
132,"196355321",South 3rd Street,tertiary,12.659501978807358,-75.145811857223237,39.949673967463198
132,"196355321",South 3rd Street,tertiary,12.659501978807358,-75.145746110237695,39.949966674371026
133,"196355324",South 7th Street,residential,13.247000789291969,-75.153161471722015,39.945674407836052
133,"196355324",South 7th Street,residential,13.247000789291969,-75.153092726890620,39.945966425212504
133,"196355324",South 7th Street,residential,11.460446431150594,-75.153031870942826,39.946260175911256
134,"196355326",South 8th Street,residential,190.646469733282061,-75.154502199999996,39.946966699999997
134,"196355326",South 8th Street,residential,192.435380748366981,-75.154565195431616,39.946673410196041
134,"196355326",South 8th Street,residential,192.276768205325965,-75.154629593550283,39.946380403792112
134,"196355326",South 8th Street,residential,192.259912521491543,-75.154693385356339,39.946087264567062
134,"196355326",South 8th Street,residential,193.163232495021532,-75.154757190003522,39.945794128950418
135,"196355328",Spruce Street,residential,277.047403135921172,-75.154391278835348,39.945694257036685
135,"196355328",Spruce Street,residential,277.047403135921172,-75.154689012330692,39.945731064179341
135,"196355328",Spruce Street,residential,277.321908287265217,-75.154986654072147,39.945767996891952
135,"196355328",Spruce Street,residential,277.321908287265217,-75.155284207807398,39.945806230053464
136,"196386407",Market Street,primary,97.646762013867175,-75.143753099999998,39.949889400000004
136,"196386407",Market Street,primary,97.171923646479158,-75.143455540367171,39.949851229453138
136,"196386407",Market Street,primary,97.171923646479158,-75.143157887567597,39.949813775335826
137,"196386417",North 3rd Street,tertiary,11.636029006246952,-75.145245500000001,39.952187100000003
137,"196386417",North 3rd Street,tertiary,12.029354333032781,-75.145183439205027,39.952480609296671
137,"196386417",North 3rd Street,tertiary,12.029354333032781,-75.145120915365737,39.952774021582577
137,"196386417",North 3rd Street,tertiary,12.214931089593067,-75.145058336697943,39.953067422092104
137,"196386417",North 3rd Street,tertiary,11.848989763882658,-75.144996387355420,39.953360955262298
137,"196386417",North 3rd Street,tertiary,12.398912306506711,-75.144933242219338,39.953654230966912
137,"196386417",North 3rd Street,tertiary,12.398912306506711,-75.144868827183487,39.953947233873301
137,"196386417",North 3rd Street,tertiary,11.996063290079496,-75.144807001913350,39.954240791186749
138,"196386425",South 2nd Street,tertiary,194.629448633707511,-75.143753099999998,39.949889400000004
138,"196386425",South 2nd Street,tertiary,192.173749370006789,-75.143819878957714,39.949596983918227
138,"196386425",South 2nd Street,tertiary,192.173749370006789,-75.143883142046164,39.949303730134552
138,"196386425",South 2nd Street,tertiary,192.338535183339019,-75.143946971499062,39.949010599424582
138,"196386425",South 2nd Street,tertiary,192.338535183339019,-75.144011077738710,39.948717528801623
138,"196386425",South 2nd Street,tertiary,185.039100056822718,-75.144073014287542,39.948424126602681
138,"196386425",South 2nd Street,tertiary,192.370180355605498,-75.144132551547060,39.948130331775843
138,"196386425",South 2nd Street,tertiary,192.362492415741315,-75.144196810760192,39.947837294656608
138,"196386425",South 2nd Street,tertiary,192.362492415741315,-75.144261039536602,39.947544250864183
138,"196386425",South 2nd Street,tertiary,192.380756927074316,-75.144325299383553,39.947251213919387
138,"196386425",South 2nd Street,tertiary,192.356454897787415,-75.144389474020102,39.946958158273041
139,"206644506",Race Street,secondary,89.891562410662758,-75.142214999999993,39.953783399999999
139,"206644506",Race Street,secondary,89.891562410662758,-75.141915000537281,39.953783967777547
139,"206644506",Race Street,secondary,92.393757710596233,-75.141615086331015,39.953779022707280
140,"218597428",Church Street,footway,98.663346539085012,-75.144235499999994,39.950591199999998
140,"218597428",Church Street,footway,97.967602247677519,-75.143938756277137,39.950547151235931
140,"218597428",Church Street,footway,93.591513068891587,-75.143641223332125,39.950509805400635
141,"325217183",Locust Street,tertiary,97.197339335819649,-75.155317087566402,39.947069674199177
141,"325217183",Locust Street,tertiary,97.338222708448498,-75.155019544545510,39.947031357758185
143,"333316189",Ranstead Street,residential,277.124103021148528,-75.154488400000005,39.950295300000001
143,"333316189",Ranstead Street,residential,277.124103021148528,-75.154786083956139,39.950332505675128
144,"333776282",Chestnut Street,tertiary,96.908121309327555,-75.150193500000000,39.949168399999998
144,"333776282",Chestnut Street,tertiary,96.908121309327555,-75.149895677909015,39.949132316733611
144,"333776282",Chestnut Street,tertiary,96.908121309327555,-75.149597855818001,39.949096233467230
144,"333776282",Chestnut Street,tertiary,96.812572044347206,-75.149300031325893,39.949060170158397
145,"334665975",Arch Street,tertiary,277.059970889738736,-75.145245500000001,39.952187100000003
145,"334665975",Arch Street,tertiary,277.120666036905675,-75.145543196187731,39.952224207420109
145,"334665975",Arch Street,tertiary,277.104335686329023,-75.145840889320326,39.952261339578037
145,"334665975",Arch Street,tertiary,277.104335686329023,-75.146138586094892,39.952298442548482
145,"334665975",Arch Street,tertiary,277.108819661895438,-75.146436276553317,39.952335596134233
145,"334665975",Arch Street,tertiary,277.108819661895438,-75.146733970423284,39.952372722402352
145,"334665975",Arch Street,tertiary,277.109156125460117,-75.147031673124246,39.952409754366343
145,"334665975",Arch Street,tertiary,277.109156125460117,-75.147329366776177,39.952446882382631
145,"334665975",Arch Street,tertiary,277.109156125460117,-75.147627060428107,39.952484010398926
145,"334665975",Arch Street,tertiary,277.109156125460117,-75.147924754080051,39.952521138415214
145,"334665975",Arch Street,tertiary,277.109156125460117,-75.148222447731996,39.952558266431510
146,"335334861",Dock Street,pedestrian,121.677707700758262,-75.146129799999997,39.947727000000000
146,"335334861",Dock Street,pedestrian,119.573550487995561,-75.145871483661239,39.947574545121576
146,"335334861",Dock Street,pedestrian,117.971584580968738,-75.145607321545455,39.947432392798149
146,"335334861",Dock Street,pedestrian,153.867785034481557,-75.145428281413103,39.947201523476998
148,"338900945",Sansom Street,residential,308.212865542827046,-75.154101199999999,39.948823200000000
148,"338900945",Sansom Street,residential,277.030973299247194,-75.154384189347567,39.948900465019534
148,"338900945",Sansom Street,residential,277.122824300152558,-75.154681919368983,39.948937299684907
148,"338900945",Sansom Street,residential,277.122824300152558,-75.154979604155415,39.948974498716346
149,"339118518",North American Street,service,14.030307003955768,-75.144235499999994,39.950591199999998
149,"339118518",North American Street,service,14.030307003955768,-75.144162769468053,39.950882250287279
150,"352987976",Filbert Street,footway,278.033950660796677,-75.145195000000001,39.951240100000000
151,"352987977",Filbert Street,footway,278.505623633961875,-75.145345199999994,39.951261299999999
152,"353230043",South Perth Street,service,13.149421085553406,-75.154224200000002,39.946138800000000
152,"353230043",South Perth Street,service,13.149421085553406,-75.154155952599083,39.946430934031341
152,"353230043",South Perth Street,service,13.149421085553406,-75.154087705198179,39.946723068062688
153,"385022879",South 2nd Street,tertiary,193.409021407224344,-75.144408200000001,39.946867300000001
153,"385022879",South 2nd Street,tertiary,192.388780053474846,-75.144473579013265,39.946574519286621
154,"385022880",Walnut Street,tertiary,280.411953036673651,-75.144408200000001,39.946867300000001
154,"385022880",Walnut Street,tertiary,277.747498495118009,-75.144704864667489,39.946911477132510
154,"385022880",Walnut Street,tertiary,277.747498495118009,-75.145002126202684,39.946951919433339
154,"385022880",Walnut Street,tertiary,277.747498495118009,-75.145299387737879,39.946992361734175
154,"385022880",Walnut Street,tertiary,277.382771972879823,-75.145596876829842,39.947031090623717
154,"385022880",Walnut Street,tertiary,277.382771972879823,-75.145894389783223,39.947069639846518
154,"385022880",Walnut Street,tertiary,277.382771972879823,-75.146191902736575,39.947108189069318
154,"385022880",Walnut Street,tertiary,277.801365047974173,-75.146489415990658,39.947146700734187
154,"385022880",Walnut Street,tertiary,277.801365047974173,-75.146786639372706,39.947187422487133
154,"385022880",Walnut Street,tertiary,277.801365047974173,-75.147083862754755,39.947228144240107
154,"385022880",Walnut Street,tertiary,277.801365047974173,-75.147381086136804,39.947268865993074
154,"385022880",Walnut Street,tertiary,277.822942294062216,-75.147678295645761,39.947309688862497
155,"385910226",North 2nd Street,tertiary,192.019755367414291,-75.142849045589756,39.954139636213498
155,"385910226",North 2nd Street,tertiary,192.801672912126520,-75.142913798905184,39.953846738458765
156,"387422108",5th Street,secondary,12.607062765878194,-75.148760899999999,39.951397499999999
156,"387422108",5th Street,secondary,12.607062765878194,-75.148695420938139,39.951690266959297
156,"387422108",5th Street,secondary,12.607062765878194,-75.148629941876266,39.951983033918594
157,"387422116",Arch Street,secondary,276.608186993544678,-75.151540299999994,39.952964000000001
157,"387422116",Arch Street,secondary,277.159680930760317,-75.151838105157239,39.953000194765472
157,"387422116",Arch Street,secondary,277.159680930760317,-75.152135765953062,39.953037585280761
157,"387422116",Arch Street,secondary,277.473314669497825,-75.152433461519010,39.953074684876064
157,"387422116",Arch Street,secondary,277.073759412171512,-75.152730936969817,39.953113517831248
157,"387422116",Arch Street,secondary,277.073759412171512,-75.153028653502247,39.953150461928544
157,"387422116",Arch Street,secondary,277.034633971619428,-75.153326335353455,39.953187634405261
157,"387422116",Arch Street,secondary,277.185526339908222,-75.153623958898763,39.953225308692389
157,"387422116",Arch Street,secondary,277.185526339908222,-75.153921602797908,39.953262833474930
157,"387422116",Arch Street,secondary,277.329070666643986,-75.154219373193257,39.953299305650582
157,"387422116",Arch Street,secondary,277.329070666643986,-75.154516922146783,39.953337576008131
158,"387422125",Chestnut Street,tertiary,96.762389674249363,-75.149192299999996,39.949047299999997
158,"387422125",Chestnut Street,tertiary,97.126029680233842,-75.148894519547284,39.949010886866809
158,"387422125",Chestnut Street,tertiary,97.126029680233842,-75.148596836842415,39.948973671181619
158,"387422125",Chestnut Street,tertiary,97.126029680233842,-75.148299154137561,39.948936455496430
158,"387422125",Chestnut Street,tertiary,97.126029680233842,-75.148001471432693,39.948899239811240
158,"387422125",Chestnut Street,tertiary,97.126029680233842,-75.147703788727824,39.948862024126051
159,"388533147",Walnut Street,tertiary,277.280899282776829,-75.149515899999997,39.947536999999997
159,"388533147",Walnut Street,tertiary,276.851064267942661,-75.149813682146402,39.947573397620083
159,"388533147",Walnut Street,tertiary,276.851064267942661,-75.150111540022635,39.947609184287487
159,"388533147",Walnut Street,tertiary,276.851064267942661,-75.150409397898869,39.947644970954897
159,"388533147",Walnut Street,tertiary,276.851064267942661,-75.150707255775103,39.947680757622301
159,"388533147",Walnut Street,tertiary,274.196916077980632,-75.151005317150293,39.947714440107433
160,"388533150",South 5th Street,residential,14.131172277039916,-75.149936991467570,39.945622364426271
160,"388533150",South 5th Street,residential,12.454590420162477,-75.149865912505717,39.945913797449663
160,"388533150",South 5th Street,residential,12.454590420162477,-75.149801212769958,39.946206737621360
160,"388533150",South 5th Street,residential,12.128430140552029,-75.149737708236160,39.946499938270314
160,"388533150",South 5th Street,residential,12.104959774226270,-75.149674729206467,39.946793253183181
160,"388533150",South 5th Street,residential,12.125687770302930,-75.149611721626243,39.947086561969066
160,"388533150",South 5th Street,residential,12.125687770302930,-75.149548704551009,39.947379868716737
161,"423385531",South 3rd Street,tertiary,13.502579887566576,-75.145709100000005,39.950132500000002
162,"424804076",Market Street,primary,96.770753114886347,-75.150378099999998,39.950742800000000
162,"424804076",Market Street,primary,97.210660200089563,-75.150080354492914,39.950706107772696
162,"424804076",Market Street,primary,97.210660200089563,-75.149782727083348,39.950668452426733
163,"424804083",North Independence Mall West,secondary,192.434307086933842,-75.150287300000002,39.951191000000001
163,"424804083",North Independence Mall West,secondary,192.434307086933842,-75.150351896027686,39.950898036942249
164,"424809765",Market Street,primary,97.400829068228006,-75.142854099999994,39.949775000000002
164,"424809765",Market Street,primary,97.400829068228006,-75.142556599210423,39.949736357016199
164,"424809765",Market Street,primary,101.858338802214163,-75.142259127305408,39.949697543791160
165,"424809787",South Christopher Columbus Boulevard,primary,10.721069237287290,-75.141745650704308,39.945490155428139
165,"424809787",South Christopher Columbus Boulevard,primary,11.418549937825926,-75.141689607426329,39.945784872808325
166,"424810031",South Christopher Columbus Boulevard,primary,192.847003066731531,-75.141649037622670,39.947071624240678
166,"424810031",South Christopher Columbus Boulevard,primary,192.847003066731531,-75.141715742141116,39.946779134057572
166,"424810031",South Christopher Columbus Boulevard,primary,192.824398100444313,-75.141782409036935,39.946486635302136
168,"424829491",North 7th Street,secondary,11.285294427291138,-75.151309699999999,39.954043599999999
168,"424829491",North 7th Street,secondary,11.280702918254393,-75.151251088514357,39.954337818751128
168,"424829491",North 7th Street,secondary,11.280702918254393,-75.151192403755019,39.954632022930262
169,"424829492",North 7th Street,secondary,16.417587547243691,-75.151998000000006,39.950941499999999
169,"424829492",North 7th Street,secondary,12.579646896498653,-75.151923691122747,39.951231978711554
169,"424829492",North 7th Street,secondary,12.579646896498653,-75.151858352156538,39.951524776968888
169,"424829492",North 7th Street,secondary,12.579646896498653,-75.151793013190343,39.951817575226215
169,"424829492",North 7th Street,secondary,12.375159902248045,-75.151727753034947,39.952110390922869
169,"424829492",North 7th Street,secondary,12.375159902248045,-75.151663459471237,39.952403420507842
169,"424829492",North 7th Street,secondary,12.375159902248045,-75.151599165907527,39.952696450092809
170,"424829493",North 8th Street,secondary,192.694835395617588,-75.153030999999999,39.953651000000001
170,"424829493",North 8th Street,secondary,192.678094651690515,-75.153096908118428,39.953358329334272
171,"424829495",North 8th Street,secondary,192.750564924775830,-75.153137799999996,39.953164800000003
172,"424829496",North 8th Street,secondary,192.573779366830649,-75.152789600000006,39.954751999999999
172,"424829496",North 8th Street,secondary,192.573779366830649,-75.152854908981070,39.954459195052991
172,"424829496",North 8th Street,secondary,192.581451976187935,-75.152920253034566,39.954166397931218
173,"522383580",North 4th Street,tertiary,192.320080839047591,-75.146368316019419,39.954394420170352
173,"522383580",North 4th Street,tertiary,197.080233572980973,-75.146431358929817,39.954101213664742
173,"522383580",North 4th Street,tertiary,191.940435775866007,-75.146515878400834,39.953813453023443
173,"522383580",North 4th Street,tertiary,191.940435775866007,-75.146577946812158,39.953519944058804
173,"522383580",North 4th Street,tertiary,192.114719274551391,-75.146640291528925,39.953226493963733
173,"522383580",North 4th Street,tertiary,186.103995614570266,-75.146700825787022,39.952932713119203
173,"522383580",North 4th Street,tertiary,192.568195268592603,-75.146740508466706,39.952635457168803
173,"522383580",North 4th Street,tertiary,191.496563015339660,-75.146806330269186,39.952342784509845
173,"522383580",North 4th Street,tertiary,192.413316508692759,-75.146870301727205,39.952049688411009
173,"522383580",North 4th Street,tertiary,192.413316508692759,-75.146934790422165,39.951756701707858
173,"522383580",North 4th Street,tertiary,192.411141075863924,-75.146999269822970,39.951463712959182
173,"522383580",North 4th Street,tertiary,192.406618371314636,-75.147063735073473,39.951170721096943
173,"522383580",North 4th Street,tertiary,192.346177243732996,-75.147128173113757,39.950877723309659
173,"522383580",North 4th Street,tertiary,192.346177243732996,-75.147192318442336,39.950584661239745
174,"522383581",Market Street,primary,277.200504813446400,-75.148047599999998,39.950489400000002
174,"522383581",Market Street,primary,278.106222225035481,-75.148345011067775,39.950528682180938
174,"522383581",Market Street,primary,278.106222225035481,-75.148642013572825,39.950570984804742
175,"556951994",South 8th Street,residential,192.264773720806318,-75.153921800000006,39.949625500000003
175,"556951994",South 8th Street,residential,192.313810068305997,-75.153985724652230,39.949332389734849
175,"556951994",South 8th Street,residential,193.238951370717700,-75.154050923044124,39.949039567812449
175,"556951994",South 8th Street,residential,191.981121775310044,-75.154117364234324,39.948747029858055
175,"556951994",South 8th Street,residential,191.994022686868846,-75.154179701785054,39.948453577937919
175,"556951994",South 8th Street,residential,192.670431466818741,-75.154242224752963,39.948160166520893
176,"556951995",Market Street,primary,276.996096455459167,-75.153574199999994,39.951137600000003
176,"556951995",Market Street,primary,277.093672928241403,-75.153871927853615,39.951174451910674
177,"556954156",Market Street,primary,277.089217678540876,-75.151096800000005,39.950829499999998
177,"556954156",Market Street,primary,277.089217678540876,-75.151394506554155,39.950866524419169
177,"556954156",Market Street,primary,277.089217678540876,-75.151692213108305,39.950903548838347
177,"556954156",Market Street,primary,277.050250258885626,-75.151989928529403,39.950940501761586
178,"556954157",South 6th Street,tertiary,186.906938622675682,-75.150378099999998,39.950742800000000
178,"556954157",South 6th Street,tertiary,192.332590052542457,-75.150430922677501,39.950447815405518
178,"556954157",South 6th Street,tertiary,192.332590052542457,-75.150494998507185,39.950154738132341
180,"626091319",North Front Street,tertiary,14.824111783933885,-75.142146999999994,39.949674000000002
181,"626268978",Walnut Street,tertiary,276.448592294243667,-75.154254199999997,39.948106899999999
181,"626268978",Walnut Street,tertiary,277.012584477026564,-75.154552077017613,39.948142499127883
181,"626268978",Walnut Street,tertiary,277.012584477026564,-75.154849832825690,39.948179125331038
181,"626268978",Walnut Street,tertiary,277.066729716973214,-75.155147574165511,39.948215868698199
183,"626537322",North 8th Street,secondary,192.716781891456662,-75.153524899999994,39.951370699999998
184,"626537324",South 8th Street,residential,192.312339244932247,-75.154354799999993,39.947641800000000
184,"626537324",South 8th Street,residential,191.652237993464865,-75.154422468195563,39.947349765386512
184,"626537324",South 8th Street,residential,191.652237993464865,-75.154483059477755,39.947055947932093
186,"626537327",Walnut Street,tertiary,277.112284582244456,-75.153174399999997,39.947973800000000
186,"626537327",Walnut Street,tertiary,277.112284582244456,-75.153472091624238,39.948010944270870
186,"626537327",Walnut Street,tertiary,277.112284582244456,-75.153769783248478,39.948048088541739
186,"626537327",Walnut Street,tertiary,277.112284582244456,-75.154067474872718,39.948085232812602
187,"626537328",Arch Street,secondary,275.436900737705173,-75.154714200000001,39.953363299999999
188,"626537329",North 9th Street,residential,12.730868794818612,-75.154714200000001,39.953363299999999
188,"626537329",North 9th Street,residential,12.418782343512255,-75.154649241884215,39.953656182072955
188,"626537329",North 9th Street,residential,12.407418526365234,-75.154584750976724,39.953949168287608
188,"626537329",North 9th Street,residential,12.407418526365234,-75.154520292441930,39.954242161627626
189,"627641199",Race Street,secondary,97.219020823741815,-75.144854600000002,39.954016899999999
189,"627641199",Race Street,secondary,97.114898782621950,-75.144556930639126,39.953979578573318
189,"627641199",Race Street,secondary,96.510344856706439,-75.144259218687679,39.953942605058728
189,"627641199",Race Street,secondary,96.510344856706439,-75.143961153267554,39.953908590277791
189,"627641199",Race Street,secondary,97.112211188070575,-75.143663362765764,39.953872283758841
190,"627641201",Race Street,secondary,94.323415274491396,-75.142928600000005,39.953781599999999
190,"627641201",Race Street,secondary,89.158575481610526,-75.142628759560196,39.953780865965989
191,"628174388",Market Street,primary,277.082966061901345,-75.152534299999999,39.951008199999997
191,"628174388",Market Street,primary,277.082966061901345,-75.152832010592164,39.951045191935798
191,"628174388",Market Street,primary,277.082966061901345,-75.153129721184342,39.951082183871605
191,"628174388",Market Street,primary,277.082966061901345,-75.153427431776478,39.951119175807406
193,"687887209",Chestnut Street,tertiary,95.984104376839596,-75.150763499999996,39.949235700000003
193,"687887209",Chestnut Street,tertiary,96.908265446404300,-75.150465481719962,39.949201353215742
194,"687887210",South 6th Street,tertiary,201.766800137341278,-75.150763499999996,39.949235700000003
194,"687887210",South 6th Street,tertiary,191.468741021949569,-75.150833724972003,39.948944846113577
194,"687887210",South 6th Street,tertiary,191.468741021949569,-75.150893374957562,39.948650836115071
194,"687887210",South 6th Street,tertiary,192.600060584708558,-75.150954890399177,39.948357221374565
194,"687887210",South 6th Street,tertiary,192.600060584708558,-75.151020333681203,39.948064446415181
194,"687887210",South 6th Street,tertiary,194.389138656250935,-75.151085871185046,39.947771694067072
195,"687887211",Walnut Street,tertiary,274.893043704971262,-75.151098800000000,39.947721299999998
195,"687887211",Walnut Street,tertiary,277.047335981397339,-75.151396849880143,39.947755081865303
195,"687887211",Walnut Street,tertiary,277.047335981397339,-75.151694583418617,39.947791888658998
195,"687887211",Walnut Street,tertiary,277.047335981397339,-75.151992316957106,39.947828695452699
195,"687887211",Walnut Street,tertiary,277.047335981397339,-75.152290050495594,39.947865502246387
195,"687887211",Walnut Street,tertiary,277.047335981397339,-75.152587784034083,39.947902309040082
196,"691919129",Filbert Street,footway,277.381779583481432,-75.144607600000001,39.951163999999999
196,"691919129",Filbert Street,footway,277.381779583481432,-75.144905113621007,39.951202544069730
197,"705310391",,,97.020188851344045,-75.146700699999997,39.949595600000002
197,"705310391",,,277.022252134573023,-75.146587655988242,39.949488964512462
198,"705310392",,,97.853313303204132,-75.146661300000005,39.949757300000002
198,"705310392",,,277.796729195626256,-75.146566486334606,39.949799015525045
201,"736921513",Cherry Street,residential,97.270977463789578,-75.154640720462496,39.954285518895048
202,"736921514",North 9th Street,residential,12.259374161776757,-75.154514300000002,39.954269400000001
202,"736921514",North 9th Street,residential,12.259374161776757,-75.154450598733774,39.954562558913707
202,"736921514",North 9th Street,residential,11.950377543098105,-75.154387446351407,39.954855835546759
203,"767683099",Delaware Expressway,motorway,191.405620268781632,-75.142027499999998,39.948287999999998
204,"767683104",Delaware Expressway,motorway,13.275645698430070,-75.141778799999997,39.948153499999997
204,"767683104",Delaware Expressway,motorway,13.275645698430070,-75.141709909183703,39.948445482971117
204,"767683104",Delaware Expressway,motorway,13.275645698430070,-75.141641018367395,39.948737465942258
207,"771711052",North 8th Street,secondary,191.803583407084403,-75.153335499999997,39.952242400000003
207,"771711052",North 8th Street,secondary,192.418784390176313,-75.153397575147963,39.951948902710342
207,"771711052",North 8th Street,secondary,192.418784390176313,-75.153462091803092,39.951655922162850
208,"771711053",Filbert Street,residential,97.189611337591103,-75.152854300000001,39.952229799999998
208,"771711053",Filbert Street,residential,97.205593994185662,-75.152556659264590,39.952192250135589
208,"771711053",Filbert Street,residential,97.189970007216345,-75.152259022621394,39.952154667865940
208,"771711053",Filbert Street,residential,97.189970007216345,-75.151961381633456,39.952117119999258
209,"771711054",North 8th Street,secondary,191.855590068168311,-75.153160299999996,39.953065199999998
209,"771711054",North 8th Street,secondary,191.855590068168311,-75.153221933704501,39.952771599444027
209,"771711054",North 8th Street,secondary,191.855590068168311,-75.153283567409005,39.952477998888043
210,"772512472",Underground Concourse,corridor,276.197230575250899,-75.153539800000004,39.950976799999999
211,"772512473",Underground Concourse,corridor,276.791463432668024,-75.153670500000004,39.951329800000003
211,"772512473",Underground Concourse,corridor,276.791463432668024,-75.153968394941472,39.951365276807159
211,"772512473",Underground Concourse,corridor,276.791463432668024,-75.154266289882941,39.951400753614323
211,"772512473",Underground Concourse,corridor,276.791463432668024,-75.154564184824423,39.951436230421479
211,"772512473",Underground Concourse,corridor,335.113132294941977,-75.154860593309081,39.951473756747070
213,"814115926",West Washington Square,residential,12.308015815853176,-75.153298599999999,39.947397600000002
214,"814115927",Saint James Street,service,96.813293344838925,-75.154379899999995,39.947526799999999
214,"814115927",Saint James Street,service,96.813293344838925,-75.154082018596966,39.947491209696302
214,"814115927",Saint James Street,service,96.838238904779686,-75.153784134370014,39.947455643509493
215,"816350168",Saint James Walk,footway,97.169161018306141,-75.149000099999995,39.946105899999999
215,"816350168",Saint James Walk,footway,97.169161018306141,-75.148702445394846,39.946068460234642
215,"816350168",Saint James Walk,footway,97.169161018306141,-75.148404790789684,39.946031020469277
215,"816350168",Saint James Walk,footway,192.685254520594185,-75.148325238252085,39.945834373797183
216,"863044152",South 7th Street,residential,12.232924066481099,-75.152504300000004,39.948663099999997
216,"863044152",South 7th Street,residential,12.550017893042414,-75.152440599736693,39.948956258774402
216,"863044152",South 7th Street,residential,12.550017893042414,-75.152375412192129,39.949249090780910
216,"863044152",South 7th Street,residential,12.366621131795270,-75.152311014271660,39.949542058699073
216,"863044152",South 7th Street,residential,12.366621131795270,-75.152246764378745,39.949835097862433
216,"863044152",South 7th Street,residential,12.625726157010497,-75.152181410376883,39.950127890480552
216,"863044152",South 7th Street,residential,11.978482465185683,-75.152116051262666,39.950420683048648
216,"863044152",South 7th Street,residential,11.955099452429989,-75.152053857814806,39.950714165537732
217,"863044153",Sansom Street,residential,236.060630680281321,-75.152504300000004,39.948663099999997
217,"863044153",Sansom Street,residential,276.998925704359010,-75.152784410286003,39.948625951266251
217,"863044153",Sansom Street,residential,276.998925704359010,-75.153082174816959,39.948662506486194
217,"863044153",Sansom Street,residential,276.998925704359010,-75.153379939347914,39.948699061706137
217,"863044153",Sansom Street,residential,276.998925704359010,-75.153677703878870,39.948735616926079
217,"863044153",Sansom Street,residential,276.998925704359010,-75.153975468409826,39.948772172146022
218,"917774514",Market Street,primary,97.463726294971721,-75.142960200000005,39.949788900000001
219,"924372843",South Bank Street,service,192.559347130949675,-75.145076900000007,39.949240400000001
219,"924372843",South Bank Street,service,192.559347130949675,-75.145142135224347,39.948947578611602
219,"924372843",South Bank Street,service,192.559347130949675,-75.145207370448702,39.948654757223203
220,"926404744",Ranstead Street,unclassified,277.114898780876729,-75.150584199999997,39.949751100000000
220,"926404744",Ranstead Street,unclassified,277.128470259930793,-75.150881878632006,39.949788348086869
220,"926404744",Ranstead Street,unclassified,277.128470259930793,-75.151179559751341,39.949825576452163
220,"926404744",Ranstead Street,unclassified,277.128470259930793,-75.151477240870690,39.949862804817457
220,"926404744",Ranstead Street,unclassified,277.131522797048376,-75.151774920037923,39.949900048788656
220,"926404744",Ranstead Street,unclassified,277.146449352739353,-75.152072597584450,39.949937305700182
221,"926404745",Ranstead Street,residential,280.102276881464263,-75.153779799999995,39.950202500000003
221,"926404745",Ranstead Street,residential,277.134645352486984,-75.154076848828282,39.950243905702223
221,"926404745",Ranstead Street,residential,277.118123001543495,-75.154374536581216,39.950281080985583
222,"958525396",North 2nd Street,tertiary,190.937887186332347,-75.143023700000001,39.953246800000002
222,"958525396",North 2nd Street,tertiary,190.937887186332347,-75.143080623418356,39.952952249962763
222,"958525396",North 2nd Street,tertiary,192.161532102230979,-75.143141885745351,39.952658586607384
222,"958525396",North 2nd Street,tertiary,192.161532102230979,-75.143205086301407,39.952365319340686
222,"958525396",North 2nd Street,tertiary,192.161532102230979,-75.143268286857463,39.952072052073994
223,"976761082",Race Street,secondary,97.132542146803019,-75.149019999999993,39.954543700000002
223,"976761082",Race Street,secondary,97.132542146803019,-75.148722321527131,39.954506450479251
223,"976761082",Race Street,secondary,97.132542146803019,-75.148424643054270,39.954469200958499
223,"976761082",Race Street,secondary,100.781496938516355,-75.148127413931419,39.954430819567790
224,"991207348",North 7th Street,secondary,11.950169371420037,-75.151540299999994,39.952964000000001
224,"991207348",North 7th Street,secondary,13.189793934088659,-75.151473366302284,39.953256424689627
224,"991207348",North 7th Street,secondary,11.293869735343989,-75.151408184839028,39.953549220441104
224,"991207348",North 7th Street,secondary,11.267978043786282,-75.151349548257642,39.953843434222669
226,"999531081",Race Street,secondary,108.951113057776112,-75.149369355257662,39.954611685841485
226,"999531081",Race Street,secondary,99.744383911838867,-75.149075641401140,39.954553255326488
227,"1003976882",North Independence Mall West,secondary,192.478031098011172,-75.150192099999998,39.951621199999998
227,"1003976882",North Independence Mall West,secondary,192.478031098011172,-75.150256919577146,39.951328286322578
229,"1028905810",5th Street,secondary,12.714042585456061,-75.148569899999998,39.952186500000003
229,"1028905810",5th Street,secondary,12.714042585456061,-75.148503874412739,39.952479144189809
230,"1028923442",South 7th Street,residential,60.628006175135056,-75.153261400000005,39.947568099999998
230,"1028923442",South 7th Street,residential,60.636514523154837,-75.152999948438662,39.947715215874943
230,"1028923442",South 7th Street,residential,54.456056946951357,-75.152739778999376,39.947864346564607
231,"1028923443",Walnut Street,tertiary,275.789615691845256,-75.152671400000003,39.947913200000002
231,"1028923443",Walnut Street,tertiary,277.241950198165227,-75.152969380329282,39.947947747473613
232,"1028923996",North Independence Mall East,secondary,8.746162263649731,-75.148407100000000,39.953062400000000
233,"1031098870",North 8th Street,secondary,192.019848436358359,-75.152941999999996,39.954068999999997
233,"1031098870",North 8th Street,secondary,192.019848436358359,-75.153004475158625,39.953775577344850
234,"1031098871",North 8th Street,secondary,192.603624650582617,-75.152765990511355,39.954857591402664
235,"1033833949",South 4th Street,residential,192.891039111628942,-75.147825699999999,39.947760199999998
235,"1033833949",South 4th Street,residential,192.842754045252292,-75.147892423703865,39.947467714208038
236,"1035096115",South 6th Street,residential,191.707813435883111,-75.151191900000001,39.947304699999997
236,"1035096115",South 6th Street,residential,191.722917485006718,-75.151252777872529,39.947010941792435
236,"1035096115",South 6th Street,residential,191.722917485006718,-75.151313731558758,39.946717199306349
236,"1035096115",South 6th Street,residential,192.003664690120672,-75.151375056305923,39.946423535018880
236,"1035096115",South 6th Street,residential,192.006201075155502,-75.151437450361811,39.946130095107200
236,"1035096115",South 6th Street,residential,192.834345268082529,-75.151503713679872,39.945837507258275
238,"1035913937",South Christopher Columbus Boulevard,primary,191.998693154362797,-75.141794300000001,39.946434400000001
238,"1035913937",South Christopher Columbus Boulevard,primary,191.998693154362797,-75.141856666814121,39.946140954297192
238,"1035913937",South Christopher Columbus Boulevard,primary,191.998693154362797,-75.141919033628255,39.945847508594390
239,"1035913939",South Christopher Columbus Boulevard,primary,190.326532984970299,-75.141924200000005,39.945823200000000
239,"1035913939",South Christopher Columbus Boulevard,primary,190.326532984970299,-75.141977977346372,39.945528059360605
240,"1036504500",North 9th Street,residential,12.090947008417277,-75.154746785674462,39.953153958692397
241,"1040487768",Locust Street,tertiary,97.314066078684533,-75.154982599999997,39.947026600000001
241,"1040487768",Locust Street,tertiary,97.017330292826585,-75.154684915225090,39.946989408267214
242,"1042225167",Race Street,secondary,97.065233966085273,-75.143447100000003,39.953845299999998
242,"1042225167",Race Street,secondary,97.065233966085273,-75.143149377973700,39.953808400202469
243,"1042235498",South 8th Street,residential,191.640250394012554,-75.154254199999997,39.948106899999999
243,"1042235498",South 8th Street,residential,192.310300034089948,-75.154317305647680,39.947813616224991
245,"1052694387",North Independence Mall East,secondary,11.618197322829134,-75.148139599999993,39.954158100000001
246,"1052720402",Quarry Street,service,277.896334196505279,-75.143023700000001,39.953246800000002
246,"1052720402",Quarry Street,service,277.610460185419299,-75.143321008416748,39.953286891066504
246,"1052720402",Quarry Street,service,277.610460185419299,-75.143618365830250,39.953326622271199
246,"1052720402",Quarry Street,service,277.610460185419299,-75.143915723243779,39.953366353475907
247,"1052720403",North 2nd Street,tertiary,190.976719271043123,-75.142928600000005,39.953781599999999
247,"1052720403",North 2nd Street,tertiary,187.528011790211877,-75.142970597839295,39.953484807395192
248,"1101856536",Market Street Footpath,footway,277.580212335123463,-75.141600405504903,39.949942319460888
248,"1101856536",Market Street Footpath,footway,277.580212335123463,-75.141897783852059,39.949981893677773
248,"1101856536",Market Street Footpath,footway,275.154840122347139,-75.142195292726981,39.950020298229290
248,"1101856536",Market Street Footpath,footway,270.346148383275249,-75.142494238578578,39.950043938872426
248,"1101856536",Market Street Footpath,footway,270.346148383275249,-75.142794233103757,39.950045751290091
249,"1101856545",Market Street Footpath,footway,269.258437360894902,-75.142951600000004,39.950045299999999
249,"1101856545",Market Street Footpath,footway,269.258437360894902,-75.143251574873290,39.950041417295502
250,"1107306706",Race Street,footway,122.195733943711289,-75.142198100000002,39.953849200000001
250,"1107306706",Race Street,footway,90.548604741195959,-75.141902037471638,39.953832971952224
250,"1107306706",Race Street,footway,92.507597269875546,-75.141602203625297,39.953824386595201
251,"1121988555",Market Street,primary,277.079600159900394,-75.151998000000006,39.950941499999999
251,"1121988555",Market Street,primary,277.092030871726536,-75.152295707667392,39.950978515453471
252,"1125348743",Chestnut Street,tertiary,97.087303154749037,-75.155063921259753,39.949770587268929
253,"1125348744",Chestnut Street,tertiary,97.093041278146160,-75.154797799999997,39.949737499999998
253,"1125348744",Chestnut Street,tertiary,97.093041278146160,-75.154500095917314,39.949700455713639
253,"1125348744",Chestnut Street,tertiary,97.093041278146160,-75.154202391834630,39.949663411427281
254,"1125348745",South 8th Street,residential,192.349991811452838,-75.153592900000007,39.951042999999999
254,"1125348745",South 8th Street,residential,192.593914209068743,-75.153657445079517,39.950750026303233
254,"1125348745",South 8th Street,residential,192.815500218417043,-75.153723181503409,39.950457317493559
254,"1125348745",South 8th Street,residential,191.885603978002109,-75.153787825561295,39.950164368501454
254,"1125348745",South 8th Street,residential,192.430576263211492,-75.153850968025395,39.949871092189206
255,"1125348746",Chestnut Street,tertiary,96.793727608177207,-75.151249000000007,39.949300100000002
255,"1125348746",Chestnut Street,tertiary,96.793727608177207,-75.150951106460724,39.949264611420858
256,"1126561140",Race Street,secondary,97.932321638888695,-75.147948200000002,39.954401500000003
256,"1126561140",Race Street,secondary,97.362736814260700,-75.147650814504132,39.954362005315367
256,"1126561140",Race Street,secondary,97.362736814260700,-75.147353288089079,39.954323560129104
256,"1126561140",Race Street,secondary,97.362736814260700,-75.147055761674025,39.954285114942834
256,"1126561140",Race Street,secondary,96.450925260716474,-75.146757836083424,39.954249965071405
256,"1126561140",Race Street,secondary,96.506637119566420,-75.146459740567920,39.954216215217521
257,"1137551522",Market Street,primary,277.083677408559140,-75.154632100000001,39.951269000000003
258,"1137551523",Market Street,primary,277.088078696455682,-75.154116599999995,39.951204900000000
258,"1137551523",Market Street,primary,277.088078696455682,-75.154414307290097,39.951241918501061
260,"1200676106",South 6th Street,tertiary,192.609369776448915,-75.150542099999996,39.949939299999997
260,"1200676106",South 6th Street,tertiary,198.060471934025372,-75.150611553648005,39.949647548812813
261,"1201713297",Chestnut Street,tertiary,98.325650329241299,-75.144075900000004,39.948391399999998
261,"1201713297",Chestnut Street,tertiary,97.300395225084586,-75.143778493201935,39.948352103239067
261,"1201713297",Chestnut Street,tertiary,97.300395225084586,-75.143480925132124,39.948313981803864
261,"1201713297",Chestnut Street,tertiary,97.284774130971641,-75.143183353592661,39.948275887481216
261,"1201713297",Chestnut Street,tertiary,97.622425729963993,-75.142885863481411,39.948237171935155
261,"1201713297",Chestnut Street,tertiary,97.421405914110807,-75.142588404884009,39.948198207822784
262,"1222998231",Market Street,primary,276.886025545638120,-75.150378099999998,39.950742800000000
262,"1222998231",Market Street,primary,276.876879423203150,-75.150675939105781,39.950778742544408
262,"1222998231",Market Street,primary,276.876879423203150,-75.150973780827755,39.950814663410853
263,"1222998232",North Bread Street,service,6.749174795614256,-75.143973700000004,39.953374099999998
263,"1222998232",North Bread Street,service,11.806170252493001,-75.143915283347738,39.953668237761171
264,"1222998233",Arch Street,secondary,276.577028109997855,-75.149935299999996,39.952770399999999
264,"1222998233",Arch Street,secondary,276.929768063389929,-75.150233205145483,39.952805779114179
264,"1222998233",Arch Street,secondary,276.929768063389929,-75.150531013582707,39.952841974897296
264,"1222998233",Arch Street,secondary,276.929768063389929,-75.150828822019932,39.952878170680414
264,"1222998233",Arch Street,secondary,276.929768063389929,-75.151126630457156,39.952914366463531
264,"1222998233",Arch Street,secondary,276.929768063389929,-75.151424438894395,39.952950562246642
265,"1223043711",South 8th Street,residential,191.181754216987059,-75.153574199999994,39.951137600000003
269,"1223377303",Race Street,secondary,89.829533721658919,-75.142517499999997,39.953782500000003
269,"1223377303",Race Street,secondary,89.829533721658919,-75.142217501327764,39.953783392558030
